<?xml version="1.0" encoding="UTF-8"?>
<websiteInformation>
	<domain>autosouk.com</domain>
	<start_urls>
		<url>http://autosouk.com/?action=restoreampsearchId=55564708cc1b</url>
	</start_urls>
	<FirstDate>18th Sep 2016</FirstDate>
	<LastDate>18th Sep 2012</LastDate>
	<Category>Car</Category>
	<Action>Sale</Action>
	<SpiderName>CarsAutosouk</SpiderName>
	<Source>autosouk</Source>
	<LogFile>LogFiles/Car/Sale/cars_autosouk.log</LogFile>
    <TemplateAttributes>Websites/Templates/Cars.xml</TemplateAttributes>
	<DateAttribute>
		<Name>posting_date</Name>
		<Place>MasterPage</Place>
		<DateFunction>MonthFirst</DateFunction>
	</DateAttribute>
	<MasterPage>
		<MasterAttributes>
			<Attribute>
				<name>link</name>
				<defaultValue>NA</defaultValue>
				<xpath>./td[2]/h3/a/@href</xpath>
			</Attribute>
			<Attribute>
				<name>ad_title</name>
				<defaultValue>NA</defaultValue>
				<xpath>normalize-space(./td[2]/h3/a/text())</xpath>
			</Attribute>
			<Attribute>
				<defaultValue>NA</defaultValue>
				<name>posting_date</name>
				<xpath>.//span[@class='fieldValue fieldValueActivationDate']/text()</xpath>
			</Attribute>
		</MasterAttributes>
		<Containers>
			<xpath>.//table[@class='listingsTable']/tr[(position() mod 8) = 4]</xpath>
		</Containers>
		<NextPage>
			<xpath>.//table[@class='paging']//tr/td[last()]/a/@href</xpath>
			<prefix>http://autosouk.com/</prefix>
		</NextPage>
		<LinkAttribute>
			<name>link</name>
		</LinkAttribute>
	</MasterPage>
	<DetailsAttributes>
		<Attribute>
			<name>link</name>
			<type>Meta</type>
			<defaultValue>NA</defaultValue>
		</Attribute>
		<Attribute>
			<name>posting_date</name>
			<type>Meta</type>
			<defaultValue>NA</defaultValue>
		</Attribute>
		<Attribute>
			<name>ad_title</name>
			<type>Meta</type>
			<defaultValue>NA</defaultValue>
		</Attribute>
		<Attribute>
			<name>ListingID</name>
			<type>Selector</type>
			<defaultValue>NA</defaultValue>
			<xpath>.//span[normalize-space(.)='Listing ID:']/following-sibling::span[1]/text()</xpath>
		</Attribute>
		<Attribute>
			<name>price</name>
			<type>Selector</type>
			<defaultValue>NA</defaultValue>
			<xpath>.//span[normalize-space(.)='Price:']/following-sibling::span[1]/text()</xpath>
			<actions>
				<action>extractNumbersFromString</action>
				<action>changeToFloat</action>
			</actions>
		</Attribute>
		<Attribute>
			<name>currency</name>
			<type>Selector</type>
			<defaultValue>NA</defaultValue>
			<xpath>.//span[normalize-space(.)='Price:']/following-sibling::span[1]/text()</xpath>
			<actions>
				<action>extractCurrentFromStringForAutosouk</action>
			</actions>
		</Attribute>
		<Attribute>
			<name>single_owner</name>
			<type>Selector</type>
			<defaultValue>NA</defaultValue>
			<xpath>.//span[normalize-space(.)='Single owner:']/following-sibling::span[1]/text()</xpath>
		</Attribute>
		<Attribute>
			<name>body_style</name>
			<type>Selector</type>
			<defaultValue>NA</defaultValue>
			<xpath>.//span[normalize-space(.)='Body Style:']/following-sibling::span[1]/text()</xpath>
		</Attribute>
		<Attribute>
			<name>mileage</name>
			<type>Selector</type>
			<defaultValue>NA</defaultValue>
			<xpath>.//span[normalize-space(.)='Mileage:']/following-sibling::span[1]/text()</xpath>
		</Attribute>
		<Attribute>
			<name>Color</name>
			<type>Selector</type>
			<defaultValue>NA</defaultValue>
			<xpath>.//span[normalize-space(.)='Exterior Color:']/following-sibling::span[1]/text()</xpath>
		</Attribute>
		<Attribute>
			<name>Engine_Capity</name>
			<type>Selector</type>
			<defaultValue>NA</defaultValue>
			<xpath>.//span[normalize-space(.)='Engine:']/following-sibling::span[1]/text()</xpath>
		</Attribute>
		<Attribute>
			<name>Transmission</name>
			<type>Selector</type>
			<defaultValue>NA</defaultValue>
			<xpath>.//span[normalize-space(.)='Transmission:']/following-sibling::span[1]/text()</xpath>
		</Attribute>
		<Attribute>
			<name>type</name>
			<type>Selector</type>
			<defaultValue>NA</defaultValue>
			<xpath>.//span[normalize-space(.)='Drive Type:']/following-sibling::span[1]/text()</xpath>
		</Attribute>
		<Attribute>
			<name>doors</name>
			<type>Selector</type>
			<defaultValue>NA</defaultValue>
			<xpath>.//span[normalize-space(.)='Doors:']/following-sibling::span[1]/text()</xpath>
			<actions>
				<action>extractNumbersFromString</action>
				<action>changeToInteger</action>
			</actions>
		</Attribute>
		<Attribute>
			<name>Fuel</name>
			<type>Selector</type>
			<defaultValue>NA</defaultValue>
			<xpath>.//span[normalize-space(.)='Fuel Type:']/following-sibling::span[1]/text()</xpath>
		</Attribute>
		<Attribute>
			<name>address</name>
			<type>Selector</type>
			<defaultValue>NA</defaultValue>
			<xpath>.//span[normalize-space(.)='Address:']/following-sibling::span[1]/text()</xpath>
		</Attribute>
		<Attribute>
			<name>city</name>
			<type>Selector</type>
			<defaultValue>NA</defaultValue>
			<xpath>.//span[normalize-space(.)='City:']/following-sibling::span[1]/text()</xpath>
		</Attribute>
		<Attribute>
			<name>email</name>
			<type>Selector</type>
			<defaultValue>NA</defaultValue>
			<xpath>.//span[normalize-space(.)='Contact Email:']/following-sibling::span[1]/text()</xpath>
		</Attribute>
		<Attribute>
			<name>phoneDayTime</name>
			<type>Selector</type>
			<defaultValue>NA</defaultValue>
			<xpath>.//span[normalize-space(.)='DayTime PhoneNumber:']/following-sibling::span[1]/text()</xpath>
		</Attribute>
		<Attribute>
			<name>phoneEveningTime</name>
			<type>Selector</type>
			<defaultValue>NA</defaultValue>
			<xpath>.//span[normalize-space(.)='EveningTime PhoneNumber:']/following-sibling::span[1]/text()</xpath>
		</Attribute>
		<Attribute>
			<name>website</name>
			<type>Selector</type>
			<defaultValue>NA</defaultValue>
			<xpath>.//span[normalize-space(.)='Web Address:']/following-sibling::span[1]/text()</xpath>
		</Attribute>
		<Attribute>
			<name>ad_images</name>
			<type>multible</type>
			<defaultValue>NA</defaultValue>
			<xpath>.//div[@class='listingImages']/div/img/@src</xpath>
		</Attribute>
		<Attribute>
			<name>make</name>
			<defaultValue>NA</defaultValue>
			<xpath></xpath>
			<type>Selector</type>
			<actions>
				<action>autosoukExtratModelMake</action>
				<action>autosoukFuzzyGetMake</action>
			</actions>
		</Attribute>
	</DetailsAttributes>
	<FuzzyComparison>
	<Modules>
		<Module>
			<name>AutosoukModelMakeFuzzyComparisonModule</name>
			<configurationLoader>DefaultLoader</configurationLoader>
			<configurationFile>MakesModels.conf</configurationFile>
			<settings></settings>
		</Module>
		<Module>
			<name>DefaultFuzzyComparisonModule</name>
			<configurationLoader>DefaultLoader</configurationLoader>
			<configurationFile>Buildings.conf</configurationFile>
			<settings>
				<attribute>building</attribute>
				<second>222222222</second>
			</settings>
		</Module>
	</Modules>
	</FuzzyComparison>
</websiteInformation>