<websiteInformation>
	<domain>apple.com</domain>
	<start_urls>
		<url>https://itunes.apple.com/ae/genre/ios-social-networking/id6005?letter=B</url>
		<url>https://itunes.apple.com/ae/genre/ios-social-networking/id6005?letter=A</url>
		<url>https://itunes.apple.com/ae/genre/ios-social-networking/id6005?letter=C</url>
		<url>https://itunes.apple.com/ae/genre/ios-social-networking/id6005?letter=D</url>
		<url>https://itunes.apple.com/ae/genre/ios-social-networking/id6005?letter=E</url>
		<url>https://itunes.apple.com/ae/genre/ios-social-networking/id6005?letter=F</url>
		<url>https://itunes.apple.com/ae/genre/ios-social-networking/id6005?letter=G</url>
		<url>https://itunes.apple.com/ae/genre/ios-social-networking/id6005?letter=H</url>
		<url>https://itunes.apple.com/ae/genre/ios-social-networking/id6005?letter=I</url>
		<url>https://itunes.apple.com/ae/genre/ios-social-networking/id6005?letter=J</url>
		<url>https://itunes.apple.com/ae/genre/ios-social-networking/id6005?letter=K</url>
		<url>https://itunes.apple.com/ae/genre/ios-social-networking/id6005?letter=L</url>
		<url>https://itunes.apple.com/ae/genre/ios-social-networking/id6005?letter=M</url>
		<url>https://itunes.apple.com/ae/genre/ios-social-networking/id6005?letter=N</url>
		<url>https://itunes.apple.com/ae/genre/ios-social-networking/id6005?letter=O</url>
		<url>https://itunes.apple.com/ae/genre/ios-social-networking/id6005?letter=P</url>
		<url>https://itunes.apple.com/ae/genre/ios-social-networking/id6005?letter=Q</url>
		<url>https://itunes.apple.com/ae/genre/ios-social-networking/id6005?letter=R</url>
		<url>https://itunes.apple.com/ae/genre/ios-social-networking/id6005?letter=S</url>
		<url>https://itunes.apple.com/ae/genre/ios-social-networking/id6005?letter=T</url>
		<url>https://itunes.apple.com/ae/genre/ios-social-networking/id6005?letter=U</url>
		<url>https://itunes.apple.com/ae/genre/ios-social-networking/id6005?letter=V</url>
		<url>https://itunes.apple.com/ae/genre/ios-social-networking/id6005?letter=W</url>
		<url>https://itunes.apple.com/ae/genre/ios-social-networking/id6005?letter=X</url>
		<url>https://itunes.apple.com/ae/genre/ios-social-networking/id6005?letter=W</url>
		<url>https://itunes.apple.com/ae/genre/ios-social-networking/id6005?letter=Z</url>
	</start_urls>
	<Category>Books</Category>
	<Action>Sales</Action>
	<SpiderName>AppleBooksSpider</SpiderName>
	<Source>apple</Source>
	<LogFile>apple_log.txt</LogFile>
	<DateAttribute>
		<Place>No Place</Place>
	</DateAttribute>
	<MasterPage>
		<MasterAttributes>
			<Attribute>
				<defaultValue>NA</defaultValue>
				<name>link</name>
				<xpath>normalize-space(./a/@href)</xpath>
			</Attribute>
			<Attribute>
				<defaultValue>NA</defaultValue>
				<name>name</name>
				<xpath>normalize-space(./a/text())</xpath>
			</Attribute>
		</MasterAttributes>
		<Containers>
			<xpath>.//div[@id='selectedcontent']/div/ul/li</xpath>
		</Containers>
		<NextPage>
			<xpath>.//ul[@class='list paginate']/li[last()]/a/@href</xpath>
		</NextPage>
		<LinkAttribute>
			<name>link</name>
		</LinkAttribute>
	</MasterPage>
	<DetailsAttributes>
		<Attribute>
			<defaultValue>NA</defaultValue>
			<name>link</name>
			<type>Meta</type>
		</Attribute>
		<Attribute>
			<defaultValue>NA</defaultValue>
			<name>name</name>
			<type>Meta</type>
		</Attribute>
		<Attribute>
			<defaultValue>NA</defaultValue>
			<name>updated</name>
			<type>Selector</type>
			<xpath>.//ul[@class='list']/li[@class='release-date']/text()</xpath>
		</Attribute>
		<Attribute>
			<defaultValue>NA</defaultValue>
			<name>version</name>
			<type>Selector</type>
			<xpath>.//ul[@class='list']/li/span[normalize-space(.)='Version:']/following-sibling::text()</xpath>
		</Attribute>
		<Attribute>
			<defaultValue>NA</defaultValue>
			<name>size</name>
			<type>Selector</type>
			<xpath>.//ul[@class='list']/li/span[normalize-space(.)='Size:']/following-sibling::text()</xpath>
		</Attribute>
		<Attribute>
			<defaultValue>NA</defaultValue>
			<name>language</name>
			<type>Selector</type>
			<xpath>.//ul[@class='list']/li/span[normalize-space(.)='Language:']/following-sibling::text()</xpath>
		</Attribute>
		<Attribute>
			<defaultValue>NA</defaultValue>
			<name>developer</name>
			<type>Selector</type>
			<xpath>.//ul[@class='list']/li/span[normalize-space(.)='Developer:']/following-sibling::text()</xpath>
		</Attribute>
		<Attribute>
			<defaultValue>NA</defaultValue>
			<name>compatibility</name>
			<type>Selector</type>
			<xpath>.//span[@class='app-requirements']/following-sibling::text()</xpath>
		</Attribute>
	</DetailsAttributes>
</websiteInformation>