<websiteInformation>
	<domain>gravity.com</domain>
	<start_urls>
		<url>http://www.gravity-re.com/buy?sf_select_property_type=res&amp;sf_select_listing=9&amp;community=6142&amp;sub_community=-1&amp;property=-1&amp;min_price=0&amp;max_price=-1&amp;min_sqft=0&amp;max_sqft=-1&amp;min_bedrooms=-1&amp;max_bedrooms=-1&amp;min_bathrooms=0&amp;max_bathrooms=-1&amp;orderby=4&amp;limit=10</url>
	</start_urls>
	<FirstDate>25th Aug 2017</FirstDate>
	<LastDate>28th May 2016</LastDate>
	<Category>apartment</Category>
	<Action>sale</Action>
	<SpiderName>apartment_sale_gravity</SpiderName>
	<Source>gravity</Source>
	<LogFile>LogFiles/Apartment/Sale/apartments_sale_gravity_log.txt</LogFile>
	<TemplateAttributes>Websites/Templates/ApartmentsSale.xml</TemplateAttributes>
	<DateAttribute>
		<Name>posting_date</Name>
        <Place>No Place</Place>
	</DateAttribute>
	<MasterPage>
        <MasterAttributes>
        <Attribute>
            <name>posting_date</name>
            <defaultValue>-1</defaultValue>
            <type>Selector</type>
            <xpath>no xpath</xpath>
        </Attribute>
        <Attribute>
                <defaultValue>NA</defaultValue>
                <name>ad_title</name>
                <xpath>normalize-space(.//h3//a/text())</xpath>
            </Attribute>
        <Attribute>
                <defaultValue>NA</defaultValue>
                <name>ad_link</name>
                <xpath>normalize-space(.//h3//a/@href)</xpath>
            </Attribute>
		<Attribute>
            <defaultValue>NA</defaultValue>
            <name>property_reference</name>
            <type>Selector</type>
            <xpath>normalize-space(.//span[@class='pull-right ref_id_ls'])</xpath>
        </Attribute>
		<Attribute>
            <defaultValue>-1</defaultValue>
            <name>bedrooms</name>
            <type>Selector</type>
            <xpath>normalize-space(//i[@class='fa fa-bed'])</xpath>
        </Attribute>
		<Attribute>
            <defaultValue>-1</defaultValue>
            <name>price</name>
            <type>Selector</type>
            <xpath>normalize-space(.//div[@class='pi-price pull-left price'])</xpath>
        </Attribute>
		<Attribute>
            <defaultValue>-1</defaultValue>
            <name>bathrooms</name>
            <type>Selector</type>
            <xpath>normalize-space(.//i[@class='fa fa-bathroom'])</xpath>
        </Attribute>
        </MasterAttributes>

        <Containers>
			<xpath>.//div[@class='product-item product_list list_item']</xpath>
		</Containers>
        <LinkAttribute>
            <name>ad_link</name>
        </LinkAttribute>
        <NextPage>
            <xpath>string(.//ul[@class='pagination pull-right']//li[@class='next']/a/@href)</xpath>
        </NextPage>

    </MasterPage>

    <DetailsAttributes>
        <Attribute>
                <defaultValue>NA</defaultValue>
                <name>ad_title</name>
                <type>Meta</type>
            </Attribute>
            <Attribute>
                <defaultValue>NA</defaultValue>
                <name>ad_link</name>
                <type>Meta</type>
            </Attribute>
			<Attribute>
            <defaultValue>NA</defaultValue>
            <name>property_reference</name>
            <type>Meta</type>
        </Attribute>
        <Attribute>
            <defaultValue>-1</defaultValue>
            <name>bedrooms</name>
            <type>Meta</type>
              <actions>
                <action>extractNumbersFromString</action>
                <action>changeToInteger</action>
            </actions>
        </Attribute>

		<Attribute>
            <defaultValue>-1</defaultValue>
            <name>price</name>
            <type>Meta</type>
            <actions>
                <action>extractNumbersFromString</action>
                <action>changeToFloat</action>
            </actions>
        </Attribute>
		<Attribute>
            <defaultValue>-1</defaultValue>
            <name>bathrooms</name>
            <type>Meta</type>
            <actions>
                <action>changeToInteger</action>
            </actions>
        </Attribute>

        <Attribute>
            <defaultValue>-1</defaultValue>
            <name>size</name>
            <type>Selector</type>
            <xpath>string(.//*[text()[contains(.,'Built up area')]]/following-sibling::label)</xpath>
            <actions>
                <action>extractNumbersFromString</action>
                <action>changeToFloat</action>
            </actions>
        </Attribute>

        <Attribute>
            <defaultValue>NA</defaultValue>
            <name>type</name>
            <type>Selector</type>
            <xpath>string(.//*[text()[contains(.,'Property Type')]]/following-sibling::label)</xpath>
            <actions>
                <action>changeToSmallLetters</action>
            </actions>
        </Attribute>



        <Attribute>
            <defaultValue>UAE</defaultValue>
            <name>country</name>
            <type>Selector</type>
            <xpath>This item doesn not exist so we will use the default value</xpath>
            <actions>
                <action>changeToSmallLetters</action>
            </actions>
        </Attribute>
        <Attribute>
            <defaultValue>NA</defaultValue>
            <name>city</name>
            <type>Selector</type>
            <xpath>string(.//*[text()[contains(.,'City')]]/following-sibling::label)</xpath>
            <actions>
                <action>cleanCity</action>
            </actions>
        </Attribute>
        <Attribute>
            <defaultValue>NA</defaultValue>
            <name>area</name>
            <type>Selector</type>
            <xpath>string(.//*[text()[contains(.,'Community')]]/following-sibling::label)</xpath>
            <actions>
                <action>changeToSmallLetters</action>
            </actions>
        </Attribute>
        <Attribute>
            <defaultValue>NA</defaultValue>
            <name>building</name>
            <type>Selector</type>
            <xpath>string(.//*[text()='Property']/following-sibling::label)</xpath>
            <actions>
                <action>changeToSmallLetters</action>
            </actions>
        </Attribute>
        <Attribute>
            <defaultValue>NA</defaultValue>
            <name>subarea</name>
            <type>Selector</type>
            <xpath>string(.//*[text()[contains(.,'Sub Community')]]/following-sibling::label)</xpath>
            <actions>
                <action>changeToSmallLetters</action>
            </actions>
        </Attribute>
        <Attribute>
            <defaultValue>NA</defaultValue>
            <name>amenities</name>
            <type>Selector</type>
            <xpath>normalize-space(string(.//p[@itemprop='description']))</xpath>
        </Attribute>
        <Attribute>
            <defaultValue>NA</defaultValue>
            <name>longitude</name>
            <type>Selector</type>
            <xpath>.//input[@name='longitude']/@value</xpath>
        </Attribute>
        <Attribute>
            <defaultValue>NA</defaultValue>
            <name>latitude</name>
            <type>Selector</type>
            <xpath>.//input[@name='latitude']/@value</xpath>
        </Attribute>
        <Attribute>
            <defaultValue>NA</defaultValue>
            <name>description</name>
            <type>Selector</type>
            <xpath>string(.//p[@itemprop='description'])</xpath>
        </Attribute>

        <Attribute>
            <name>ad_images</name>
            <defaultValue>NA</defaultValue>
            <type>Multiple</type>
            <xpath>.//div[@class='item ']//a/@href</xpath>
        </Attribute>

    </DetailsAttributes>
</websiteInformation>