<websiteInformation>
	<domain>ezestate.com</domain>
	<start_urls>
		<url>https://ezestate.com/search/sale_search_results</url>
	</start_urls>
	<FirstDate>25th Feb 2018</FirstDate>
	<LastDate>03th Jun 2016</LastDate>
	<Category>Apartment</Category>
	<Action>sale</Action>
	<SpiderName>apartments_sale_ezestateabu_dhabi</SpiderName>
	<Source>ezestate</Source>
	<TemplateAttributes>Websites/Templates/ApartmentsRent.xml</TemplateAttributes>
	<LogFile>LogFiles/Apartment/Sale/apartments_sale_ezestateabo_dhabi.log</LogFile>
	<DateAttribute>
		<Name>posting_date</Name>
		<Place>DetailsPage</Place>
		<DateFunction>DayFirst</DateFunction>
	</DateAttribute>
	<Headers>
        <Header>
            <key>User-Agent</key>
            <value>Mozilla/5.0 (Windows NT 6.1; Win64; x64) AppleWebKit/537.36 (KHTML, like Gecko) Chrome/60.0.3112.101 Safari/537.36</value>
        </Header>
		<Header>
            <key>Host</key>
            <value>ezestate.com</value>
        </Header>
		<Header>
            <key>Origin</key>
            <value>https://ezestate.com</value>
        </Header>
		<Header>
            <key>Referer</key>
            <value>https://ezestate.com/ezestate</value>
        </Header>
		<Header>
            <key>Content-Type</key>
            <value>application/x-www-form-urlencoded</value>
        </Header>
		<Header>
            <key>Cookie</key>
            <value>__cwjWsTr=1503512632340; PHPSESSID=a1il2trvvt0kkv01btjliki4j3; ci_session=a%3A5%3A%7Bs%3A10%3A%22session_id%22%3Bs%3A32%3A%22e6d169abd0c1c1531e930a7e93d8bb37%22%3Bs%3A10%3A%22ip_address%22%3Bs%3A13%3A%22166.88.193.42%22%3Bs%3A10%3A%22user_agent%22%3Bs%3A114%3A%22Mozilla%2F5.0+%28Windows+NT+6.1%3B+Win64%3B+x64%29+AppleWebKit%2F537.36+%28KHTML%2C+like+Gecko%29+Chrome%2F60.0.3112.101+Safari%2F537.36%22%3Bs%3A13%3A%22last_activity%22%3Bi%3A1503940515%3Bs%3A9%3A%22user_data%22%3Bs%3A0%3A%22%22%3B%7D3321536519021a7d56e07e709229ed3f261026ad; _ga=GA1.2.843820785.1487390595; _gid=GA1.2.685647999.1503939221; _gat=1</value>
        </Header>
    </Headers>
	<MasterPage>
		<MasterAttributes>
			<Attribute>
				<defaultValue>NA</defaultValue>
				<name>ad_link</name>
				<xpath>.//div[@class='col-xs-12 col-sm-6 col-md-12 listing-layout']/a/@href</xpath>
			</Attribute>
			<Attribute>
				<defaultValue>NA</defaultValue>
				<name>ad_title</name>
				<xpath>normalize-space(.//div[@class='property-name']/h3[@class='truncate']/text())</xpath>
			</Attribute>
		</MasterAttributes>
		<Containers>
			<xpath>.//div[@class='row']</xpath>
		</Containers>
		<NextPage>
			<xpath>normalize-space(.//ul[@class='pagination']//li[last()-1]/a/@href)</xpath>
			<prefix>https://ezestate.com/search/sale_search_results</prefix>
		</NextPage>
		<LinkAttribute>
			<name>ad_link</name>
		</LinkAttribute>
	</MasterPage>
	<DetailsAttributes>
		<Attribute>
			<name>posting_date</name>
			<type>Selector</type>
			<defaultValue>NA</defaultValue>
			<xpath>normalize-space(.//ul[@class='listingInfoWrap']/li/strong[normalize-space(.)='Listing date:']/following-sibling::span[1]/text())</xpath>
		</Attribute>
		<Attribute>
			<defaultValue>NA</defaultValue>
			<name>ad_link</name>
			<type>Meta</type>
		</Attribute>
		<Attribute>
			<defaultValue>NA</defaultValue>
			<name>ad_title</name>
			<type>Meta</type>
		</Attribute>
        <Attribute>
            <defaultValue>NA</defaultValue>
            <name>area</name>
            <type>Selector</type>
            <xpath>normalize-space(.//ul[@class='table property_details_list']/li/span[normalize-space(.)='Location:']/following-sibling::span[1]/a/text())</xpath>
			<actions>
                <action>changeToSmallLetters</action>
            </actions>
        </Attribute>
        <Attribute>
            <defaultValue>NA</defaultValue>
            <name>building</name>
            <type>Selector</type>
            <xpath>normalize-space(.//ul[@class='table property_details_list']/li/span[normalize-space(.)='Sub Community:']/following-sibling::span[1]/text())</xpath>
			<actions>
                <action>changeToSmallLetters</action>
            </actions>
        </Attribute>
		<Attribute>
			<defaultValue>UAE</defaultValue>
			<name>country</name>
			<type>Selector</type>
			<xpath>There is no xpath for this field</xpath>
            <actions>
                <action>changeToSmallLetters</action>
            </actions>
		</Attribute>
		<Attribute>
			<defaultValue>Abu Dhabi</defaultValue>
			<name>city</name>
			<type>Selector</type>
			<xpath>There is no xpath for this field</xpath>
			<actions>
				<action>cleanCity</action>
			</actions>
		</Attribute>
		<Attribute>
			<name>bedrooms</name>
			<defaultValue>-1</defaultValue>
			<type>Selector</type>
			<xpath>normalize-space(.//ul[@class='info']/li[@class='bed']/text())</xpath>
			<actions>
                <action>checkIfStudioBedroom</action>
				<action>changeToInteger</action>
			</actions>
		</Attribute>
		<Attribute>
			<name>bathrooms</name>
			<defaultValue>-1</defaultValue>
			<type>Selector</type>
			<xpath>normalize-space(.//ul[@class='info']/li[@class='bathroom']/text())</xpath>
			<actions>
				<action>changeToInteger</action>
			</actions>
		</Attribute>
		<Attribute>
			<name>type</name>
			<defaultValue>NA</defaultValue>
			<type>Selector</type>
			<xpath>normalize-space(.//ul[@class='table property_details_list']/li/span[normalize-space(.)='Property Type:']/following-sibling::span[1]/text())</xpath>
            <actions>
                <action>changeToSmallLetters</action>
            </actions>
		</Attribute>
		<Attribute>
			<name>size</name>
			<defaultValue>-1</defaultValue>
			<type>Selector</type>
			<xpath>normalize-space(.//ul[@class='info']/li[@class='area last']/text())</xpath>
			<actions>
				<action>extractNumbersFromString</action>
				<action>changeToFloat</action>
			</actions>
		</Attribute>
		<Attribute>
			<name>property_reference</name>
			<defaultValue>NA</defaultValue>
			<type>Selector</type>
			<xpath>normalize-space(.//ul[@class='listingInfoWrap']/li/strong[normalize-space(.)='Reference:']/following-sibling::span/text())</xpath>
		</Attribute>
		<Attribute>
			<name>price</name>
			<defaultValue>-1</defaultValue>
			<type>Selector</type>
			<xpath>normalize-space(.//div[@class='details-left']/h2/a/text())</xpath>
			<actions>
				<action>extractNumbersFromString</action>
				<action>changeToFloat</action>
			</actions>
		</Attribute>
		<Attribute>
			<name>price_sqft</name>
			<defaultValue>-1</defaultValue>
			<type>Selector</type>
			<xpath>normalize-space(.//ul[@class='table property_details_list']/li/span[normalize-space(.)='Price / Sq.ft:']/following-sibling::span[1]/text())</xpath>
			<actions>
				<action>extractNumbersFromString</action>
				<action>changeToFloat</action>
			</actions>
		</Attribute>
		<Attribute>
			<name>amenities</name>
			<defaultValue>NA</defaultValue>
			<type>Multiple</type>
			<xpath>.//li[@class='amenities_details']/span[normalize-space(.)='Amenities:']/following-sibling::span[1]/ul//li/span/div/@title</xpath>
		</Attribute>
		<Attribute>
			<name>ad_images</name>
			<defaultValue>NA</defaultValue>
			<type>Multiple</type>
			<xpath>.//img[@u='thumb']/@src</xpath>
		</Attribute>
		<Attribute>
			<name>phone</name>
			<defaultValue>NA</defaultValue>
			<type>Selector</type>
			<xpath>normalize-space(.//div[@id='agent_phone_no']/span/text())</xpath>
		</Attribute>
        <Attribute>
            <name>longitude</name>
            <defaultValue>NA</defaultValue>
            <type>Selector</type>
            <xpath>normalize-space(.//script[contains(text(),'addresses')]/text())</xpath>
            <actions>
				<action>ezestateGetLongitude</action>
			</actions>
        </Attribute>
        <Attribute>
            <name>latitude</name>
            <defaultValue>NA</defaultValue>
            <type>Selector</type>
            <xpath>normalize-space(.//script[contains(text(),'addresses')]/text())</xpath>
			<actions>
				<action>ezestateGetLatitude</action>
			</actions>
        </Attribute>
		<Attribute>
			<name>description</name>
			<type>Selector</type>
			<defaultValue>NA</defaultValue>
			<xpath>normalize-space(string(.//div[@id='description_expand']))</xpath>
		</Attribute>
		<Attribute>
			<name>payment_type</name>
			<type>Selector</type>
			<defaultValue>Yearly</defaultValue>
			<xpath>this website does not have so we will use the default value</xpath>
			<actions>
				<action>changeToSmallLetters</action>
			</actions>
		</Attribute>
        <Attribute>
            <name>trade_name</name>
            <defaultValue>NA</defaultValue>
            <type>Selector</type>
            <xpath>normalize-space(.//div[@class='seller_info list-summary']/ul/li/span[@class='name']/following-sibling::span/text())</xpath>
        </Attribute>
		<Attribute>
			<name>furnished</name>
			<type>Selector</type>
			<defaultValue>NA</defaultValue>
			<xpath>this website does not have this field</xpath>
		</Attribute>
    </DetailsAttributes>
</websiteInformation>