{
	"dubai land": ["dubailand","dubai land"],
	"palm jumeirah": ["the palm jumeirah","signature villas","palm jumeirah"],
	"jumeirah lake towers": ["jlt jumeirah lake towers","jumeirah lake towers (jlt)","jumeirah lake towers","jlt","jlt1",
	"jumeirah lake towers jlt",
	"jumeirah lake towers"],
	"jumeirah village circle": ["jumeirah village circle (jvc)","jvc","jumeirah village circle"],
	"jumeirah beach residence": ["jbr jumeirah beach residence","jumeirah beach residence (jbr)","jbr",
	"jumeirah beach residence jbr","jumeirah beach residence"],
	"international media production zone": ["impz international media production zone","impz","international media production zone"],
	"dubai international financial centre": ["dubai international financial centre","difc"],
	"umm suqeim": ["umm suqeim","umm suqueim"],
	"downtown dubai": ["burj khalifa area","burj khalifa","downtown dubai"],
	"dubai sports city": ["sports city","sport city","dubai sports city"],
	"dubai silicon oasis": ["dubai silicon oasis","silicon oasis"],
	"barsha heights (tecom)": ["barsha heights (tecom)","tecom"],
	"akoya oxygen":["akoya","damac hills (akoya by damac)","akoya by damac,akoya (damac hills)"],
	"old town":["the old town island","the old town","old town"],
	"jumeirah golf estates":["jumeirah golf estates","golf city"],
	"meydan city": ["meydan city","meydan one"],
	"dubai south city":["dubai south city","emaar south","south city"],
	"the lagoons":["the lagoons","dubai lagoon"],
	"al garhoud": ["garhoud","al garhoud"],
   "al jaddaf":["jaddaf","al jaddaf"],
   "al satwa":["satwa","al satwa"],
  "al furjan":["furjan","al furjan"],
	"al mamzar":["al mamzar","mamzar"],
	"al safa":["al safa","safa"],
	"al awir":["al awir","awir"],
	"al bada'a":["al bada'a","al badaa"],
	"al jadaf":["al jadaf","jadaf"],
	"dubai studio city":["dubai studio city","studio city"],
	"alreef":["alreef","alreefdowntown","al reef villas"],
	"uptown motor city":["uptown motor city","up town motor city"],
	"dubai creek harbour":["dubai creek harbour","dubai harbour"],
	"dubai world trade centre":["dubai world trade centre","world trade centre","dubai world central","trade centre"],
	"mohammed bin rashid al maktoum city":["mohammed bin rashid al maktoum city","mohammad bin rashid city"],
	"corniche road":["corniche road","corniche"],
	"muroor area":["muroor area","muroor road","muroor street"],
	"yas island":["yas island","abu dhabi formula 1"],
	"hadbat al zafranah":["hadbat al zafranah","hadbat al zafrana"],
	"al ittihad":["al ittihad","al ittihad road"],
	"al zahiyah":["al zahiyah","al zahiya"],
	"al karamah":["al karamah","al karama"],
	"between two bridges":["between two bridges","bain al jessrain","between two bridges (bain al jessrain)"],
	"al maqtaa":["al maqtaa","al maqta"],
	"al wahda":["al wahda","al wahdah"],
	"al nahyan camp":["al nahyan camp","al nahyan"]
}